 User,System,Total,Real
 0.930000,0.160000,1.090000,(2.832926)
 0.330000,0.020000,0.350000,(1.387014)
 0.400000,0.020000,0.420000,(1.200350)
 0.390000,0.010000,0.400000,(1.203844)
 0.280000,0.010000,0.290000,(1.040045)
 0.230000,0.010000,0.240000,(0.899543)
 0.340000,0.020000,0.360000,(1.058518)
 0.390000,0.020000,0.410000,(0.821381)
 0.390000,0.020000,0.410000,(0.764670)
 0.540000,0.020000,0.560000,(0.860164)
