 User,System,Total,Real
 0.190000,0.000000,0.190000,(0.318151)
 0.260000,0.020000,0.280000,(0.385635)
 0.290000,0.010000,0.300000,(0.449769)
 0.330000,0.010000,0.340000,(0.457015)
 0.120000,0.010000,0.130000,(0.250808)
 0.110000,0.000000,0.110000,(0.222817)
 0.100000,0.010000,0.110000,(0.212826)
 0.100000,0.010000,0.110000,(0.224414)
 0.210000,0.010000,0.220000,(0.342897)
 0.250000,0.010000,0.260000,(0.395949)
