 User,System,Total,Real
 0.660000,0.230000,0.890000,(1.505966)
 0.270000,0.030000,0.300000,(0.588502)
 0.490000,0.040000,0.530000,(0.835087)
 0.280000,0.020000,0.300000,(0.579968)
 0.360000,0.030000,0.390000,(0.724838)
 0.340000,0.040000,0.380000,(0.658774)
 0.290000,0.030000,0.320000,(0.703804)
 0.530000,0.040000,0.570000,(0.929523)
 0.310000,0.030000,0.340000,(0.624664)
 0.290000,0.030000,0.320000,(0.569978)
