 User,System,Total,Real
 0.380000,0.050000,0.430000,(0.763044)
 0.290000,0.010000,0.300000,(0.596292)
 0.300000,0.010000,0.310000,(0.604792)
 0.340000,0.010000,0.350000,(0.699520)
 0.340000,0.010000,0.350000,(0.705202)
 0.390000,0.020000,0.410000,(0.779919)
 0.340000,0.010000,0.350000,(0.807584)
 0.370000,0.010000,0.380000,(0.816546)
 0.370000,0.010000,0.380000,(0.838643)
 0.480000,0.010000,0.490000,(0.981238)
