 User,System,Total,Real
 2.070000,0.190000,2.260000,(28.874899)
 1.730000,0.100000,1.830000,(3.197328)
 1.530000,0.080000,1.610000,(2.818962)
 1.650000,0.080000,1.730000,(3.046509)
 2.110000,0.100000,2.210000,(3.486185)
 1.500000,0.090000,1.590000,(2.727221)
 1.700000,0.080000,1.780000,(2.989881)
 1.630000,0.090000,1.720000,(2.927076)
 1.510000,0.110000,1.620000,(2.845522)
 1.610000,0.090000,1.700000,(2.910721)
