 User,System,Total,Real
 0.000000,0.000000,0.000000,(0.004788)
 0.000000,0.000000,0.000000,(0.005335)
 0.000000,0.000000,0.000000,(0.004983)
 0.010000,0.000000,0.010000,(0.005071)
 0.000000,0.000000,0.000000,(0.005574)
 0.000000,0.000000,0.000000,(0.005460)
 0.010000,0.000000,0.010000,(0.006731)
 0.010000,0.000000,0.010000,(0.007191)
 0.010000,0.000000,0.010000,(0.008342)
 0.000000,0.000000,0.000000,(0.006589)
