 User,System,Total,Real
 0.000000,0.000000,0.000000,(0.008383)
 0.000000,0.000000,0.000000,(0.010961)
 0.010000,0.000000,0.010000,(0.005221)
 0.000000,0.000000,0.000000,(0.004677)
 0.000000,0.000000,0.000000,(0.004716)
 0.000000,0.000000,0.000000,(0.005425)
 0.000000,0.000000,0.000000,(0.004768)
 0.000000,0.000000,0.000000,(0.004993)
 0.000000,0.000000,0.000000,(0.004756)
 0.010000,0.000000,0.010000,(0.005038)
