 User,System,Total,Real
 0.010000,0.000000,0.010000,(0.017303)
 0.010000,0.000000,0.010000,(0.014320)
 0.020000,0.000000,0.020000,(0.016904)
 0.010000,0.000000,0.010000,(0.014956)
 0.010000,0.000000,0.010000,(0.014082)
 0.010000,0.000000,0.010000,(0.015018)
 0.010000,0.000000,0.010000,(0.013671)
 0.020000,0.000000,0.020000,(0.020889)
 0.010000,0.000000,0.010000,(0.016161)
 0.010000,0.010000,0.020000,(0.013942)
