 User,System,Total,Real
 0.260000,0.020000,0.280000,(1.047374)
 0.360000,0.030000,0.390000,(0.696177)
 0.820000,0.020000,0.840000,(1.182247)
 0.590000,0.030000,0.620000,(0.989821)
 0.360000,0.020000,0.380000,(0.814899)
 1.010000,0.030000,1.040000,(1.529557)
 0.770000,0.030000,0.800000,(1.335764)
 0.790000,0.010000,0.800000,(1.354408)
 0.860000,0.020000,0.880000,(1.505981)
 1.430000,0.040000,1.470000,(2.363415)
