 User,System,Total,Real
 0.040000,0.010000,0.050000,(0.090955)
 0.040000,0.000000,0.040000,(0.094771)
 0.030000,0.010000,0.040000,(0.079593)
 0.040000,0.000000,0.040000,(0.079718)
 0.030000,0.010000,0.040000,(0.084851)
 0.050000,0.000000,0.050000,(0.098273)
 0.030000,0.000000,0.030000,(0.080484)
 0.030000,0.010000,0.040000,(0.084183)
 0.020000,0.010000,0.030000,(0.070347)
 0.030000,0.000000,0.030000,(0.073534)
