 User,System,Total,Real
 0.280000,0.030000,0.310000,(0.589601)
 0.210000,0.020000,0.230000,(0.537795)
 0.230000,0.020000,0.250000,(0.421463)
 0.210000,0.020000,0.230000,(0.401315)
 0.140000,0.010000,0.150000,(0.471546)
 0.120000,0.010000,0.130000,(0.400192)
 0.230000,0.010000,0.240000,(0.528874)
 0.230000,0.010000,0.240000,(0.601757)
 0.230000,0.010000,0.240000,(0.577344)
 0.200000,0.010000,0.210000,(0.555706)
