 User,System,Total,Real
 0.080000,0.010000,0.090000,(0.163498)
 0.060000,0.010000,0.070000,(0.108103)
 0.060000,0.010000,0.070000,(0.138450)
 0.080000,0.000000,0.080000,(0.144931)
 0.050000,0.000000,0.050000,(0.117756)
 0.050000,0.000000,0.050000,(0.191457)
 0.110000,0.000000,0.110000,(0.159334)
 0.130000,0.010000,0.140000,(0.228559)
 0.130000,0.000000,0.130000,(0.165894)
 0.130000,0.010000,0.140000,(0.168714)
